"date","close","volume","open","high","low"
"16:00","69.07","1,027,678","69.85","70","69.02"
"2019/03/05","69.8600","1010498.0000","70.2600","70.5600","69.3200"
"2019/03/04","70.0500","930256.0000","70.8400","71.2400","69.1950"
"2019/03/01","70.5000","1182367.0000","70.6000","71.2300","69.5500"
"2019/02/28","70.1400","1166371.0000","68.8700","70.3400","68.8700"
"2019/02/27","69.3500","1120064.0000","69.6200","69.6200","68.0300"
"2019/02/26","69.1400","1264990.0000","68.4100","69.5700","68.1200"
"2019/02/25","68.7000","1724980.0000","68.8500","69.9100","68.5800"
"2019/02/22","67.8000","1470147.0000","66.6100","68.1600","66.5300"
"2019/02/21","66.0600","1377425.0000","66.0000","66.7900","65.2400"
"2019/02/20","65.8600","1727510.0000","65.2100","66.1600","64.8400"
"2019/02/19","64.8700","1666201.0000","65.0000","65.5300","64.8000"
"2019/02/15","65.1600","1532899.0000","65.3100","65.5800","64.8000"
"2019/02/14","64.6700","1670532.0000","64.6900","65.3700","64.3400"
"2019/02/13","64.9000","1427977.0000","65.2900","65.5100","64.7300"
"2019/02/12","65.1800","1594351.0000","65.1700","65.7350","64.8100"
"2019/02/11","64.5000","1174403.0000","64.4900","65.4500","64.3200"
"2019/02/08","64.5100","3754395.0000","60.8100","65.0850","59.5600"
"2019/02/07","66.5300","1844536.0000","67.7800","68.2800","66.2300"
"2019/02/06","68.6300","2133162.0000","67.7500","70.6850","67.7300"
"2019/02/05","66.0400","818358.0000","66.0200","66.3600","65.5100"
"2019/02/04","65.9600","890113.0000","65.7800","66.4200","65.2900"
"2019/02/01","65.9200","579027.0000","65.4700","66.3800","65.3550"
"2019/01/31","65.3600","977026.0000","65.4700","65.7700","64.5800"
"2019/01/30","65.5300","636246.0000","64.5600","65.8400","64.0800"
"2019/01/29","63.6600","1215944.0000","65.1000","65.1850","63.3700"
"2019/01/28","65.0900","921739.0000","64.1200","65.7400","63.6300"
"2019/01/25","65.7600","1463472.0000","64.3400","66.3000","63.5400"
"2019/01/24","63.3800","953825.0000","62.2700","64.1500","62.2700"
"2019/01/23","61.9100","776044.0000","62.1000","62.3300","60.9300"
"2019/01/22","61.9400","737876.0000","62.4900","62.7200","61.2700"
"2019/01/18","63.2800","888198.0000","62.5500","63.5700","62.1600"
"2019/01/17","62.2500","948639.0000","60.8900","62.5800","60.0000"
"2019/01/16","61.4100","734132.0000","61.6100","62.4700","61.3600"
"2019/01/15","61.5600","641768.0000","61.3800","62.2600","61.1600"
"2019/01/14","61.1800","1255957.0000","62.8000","62.8000","61.0500"
"2019/01/11","63.6900","1506371.0000","61.7000","64.5200","61.4800"
"2019/01/10","61.8600","3126548.0000","61.0100","62.3800","60.1200"
"2019/01/09","60.4500","1986299.0000","59.8700","61.7400","59.4900"
"2019/01/08","59.3700","1505160.0000","60.0300","60.0300","58.9000"
"2019/01/07","59.7800","1058449.0000","59.3800","60.8700","58.8400"
"2019/01/04","59.3700","1976681.0000","56.4800","59.4500","56.3100"
"2019/01/03","55.6400","2834898.0000","57.9500","58.4500","54.7350"
"2019/01/02","61.1800","724241.0000","59.6200","62.0000","59.6200"
"2018/12/31","60.7300","809082.0000","61.3400","61.7500","59.8400"
"2018/12/28","60.7900","1107927.0000","60.9800","62.2200","59.9600"
"2018/12/27","60.3900","926779.0000","59.3300","60.4200","58.2400"
"2018/12/26","60.0200","865245.0000","57.2000","60.0700","56.3300"
"2018/12/24","56.4700","643338.0000","57.1100","59.2400","56.4600"
"2018/12/21","57.6800","2558091.0000","59.6500","61.0300","57.1100"
"2018/12/20","59.8000","1854426.0000","59.8100","60.8200","58.5300"
"2018/12/19","59.6400","1161120.0000","61.3200","62.3000","59.3300"
"2018/12/18","61.7000","1018493.0000","61.1500","62.9600","60.9700"
"2018/12/17","60.3400","1068128.0000","60.5300","62.3100","59.6800"
"2018/12/14","60.5200","1650705.0000","60.0000","61.5400","59.8300"
"2018/12/13","60.7700","1065004.0000","61.2500","61.7600","60.3700"
"2018/12/12","60.6400","1165159.0000","60.8000","62.1500","59.8300"
"2018/12/11","59.5800","1194498.0000","60.7300","61.6900","59.2000"
"2018/12/10","59.5200","1571096.0000","60.1000","60.7900","58.9100"
"2018/12/07","61.1300","1104737.0000","62.5900","63.3800","60.9100"
"2018/12/06","62.7200","2285182.0000","61.8500","62.7400","60.7900"
"2018/12/04","64.1600","1589571.0000","67.4800","67.5900","64.0400"
"2018/12/03","67.7500","1424506.0000","67.6800","68.5300","67.2100"
"2018/11/30","65.8100","1704033.0000","65.4600","66.3000","64.8400"
"2018/11/29","65.2900","905997.0000","66.5600","67.2900","65.2000"
"2018/11/28","67.0200","1146495.0000","65.3200","67.1300","64.6200"
"2018/11/27","64.8300","768446.0000","64.8000","65.7500","64.7600"
"2018/11/26","65.4700","1088341.0000","65.2600","66.0500","64.6125"
"2018/11/23","64.3300","464445.0000","63.2600","64.9000","63.2600"
"2018/11/21","63.5800","1792412.0000","63.2700","64.4500","62.6500"
"2018/11/20","62.0200","2354487.0000","61.3400","62.9500","61.3000"
"2018/11/19","63.1500","1893294.0000","65.5000","66.2400","63.0600"
"2018/11/16","66.3200","1555865.0000","64.4100","66.8300","64.2271"
"2018/11/15","65.1600","1578693.0000","62.9100","65.4000","62.7400"
"2018/11/14","62.8800","3132328.0000","64.3000","64.4800","61.7300"
"2018/11/13","63.6500","3685736.0000","63.8900","65.6300","61.0000"
"2018/11/12","63.8000","2844933.0000","64.8500","65.2100","62.3900"
"2018/11/09","68.1500","2442295.0000","68.8700","69.0000","66.2000"
"2018/11/08","70.7300","1229692.0000","69.9000","71.1900","69.3600"
"2018/11/07","70.2800","1254414.0000","70.5200","70.6800","68.7200"
"2018/11/06","70.0100","1182693.0000","69.6000","70.9600","69.3000"
"2018/11/05","69.3200","2554768.0000","72.2000","73.0003","66.7900"
"2018/11/02","74.0000","2260068.0000","77.4000","77.4353","73.7000"
"2018/11/01","78.4900","2711765.0000","75.0400","78.8850","74.3300"
"2018/10/31","73.5100","2465249.0000","71.5100","74.6900","70.6450"
"2018/10/30","70.9500","1699177.0000","69.4100","71.1700","68.9300"
"2018/10/29","69.3200","1507181.0000","70.8800","71.0900","68.3000"
"2018/10/26","69.7400","1380179.0000","69.2500","71.1800","69.1600"
"2018/10/25","70.9800","1265186.0000","69.0800","71.7300","69.0800"
"2018/10/24","68.1800","1413771.0000","71.4800","71.5500","68.0000"
"2018/10/23","72.3000","779840.0000","71.0500","72.7600","69.6400"
"2018/10/22","72.8800","613350.0000","72.6700","73.3200","71.8100"
"2018/10/19","72.3500","936864.0000","73.5900","74.3400","72.1400"
"2018/10/18","73.4000","697348.0000","75.0200","75.0700","73.1500"
"2018/10/17","75.4200","590506.0000","75.6700","76.1400","74.7700"
"2018/10/16","75.4500","1070150.0000","73.3100","75.5500","73.0500"
"2018/10/15","72.6300","646965.0000","72.0100","73.1000","71.8100"
"2018/10/12","72.6800","910457.0000","72.7000","73.5800","71.5500"
"2018/10/11","71.3900","1628123.0000","70.1600","73.3400","70.0600"
"2018/10/10","70.2900","1799476.0000","73.4500","73.4500","70.1400"
"2018/10/09","74.3400","1108394.0000","73.0000","74.6600","72.6700"
"2018/10/08","72.9800","862785.0000","72.4900","73.3200","71.2900"
"2018/10/05","72.6900","1466440.0000","75.9500","76.2800","72.0500"
"2018/10/04","76.1700","926760.0000","76.1000","76.4500","75.3300"
"2018/10/03","76.2500","1212358.0000","77.3700","77.8750","75.0600"
"2018/10/02","77.2900","915031.0000","77.2800","78.6900","77.2431"
"2018/10/01","77.1000","1182120.0000","77.1900","78.3100","76.6600"
"2018/09/28","76.8900","1030537.0000","74.5700","76.9554","74.0700"
"2018/09/27","74.7200","876625.0000","75.1200","75.4700","74.6000"
"2018/09/26","75.0600","914099.0000","75.7500","76.2000","74.6300"
"2018/09/25","76.2500","1153152.0000","78.2500","78.2500","75.3200"
"2018/09/24","78.4500","794025.0000","78.0200","78.8600","76.8200"
"2018/09/21","78.6200","2145556.0000","78.9800","79.2900","78.1200"
"2018/09/20","78.6700","1340827.0000","77.5500","79.0700","77.2700"
"2018/09/19","76.8100","988259.0000","75.1100","77.1400","75.1100"
"2018/09/18","75.0400","920390.0000","74.2700","75.5300","74.1000"
"2018/09/17","73.9700","1046486.0000","75.3800","75.9900","73.7900"
"2018/09/14","75.7400","756745.0000","75.7500","76.4000","75.2900"
"2018/09/13","75.3000","1630425.0000","74.5500","75.9800","73.6700"
"2018/09/12","73.4600","1261476.0000","72.8800","73.5300","71.5369"
"2018/09/11","73.3700","1306008.0000","73.5200","73.9700","72.3100"
"2018/09/10","73.9800","708500.0000","74.8800","74.9000","73.5200"
"2018/09/07","74.9500","2410133.0000","74.0000","76.4850","73.5200"
"2018/09/06","75.1300","1996881.0000","79.5500","79.9300","75.0900"
"2018/09/05","79.6800","665710.0000","80.4200","80.4900","79.3700"
"2018/09/04","80.2800","1234609.0000","79.8800","80.8400","79.5200"
"2018/08/31","80.0900","930360.0000","79.4000","80.4850","79.4000"
"2018/08/30","79.4000","633228.0000","80.0400","80.5600","79.2100"
"2018/08/29","80.2900","762544.0000","79.9300","80.4900","79.2950"
"2018/08/28","79.8300","819084.0000","79.9100","80.2085","79.0100"
"2018/08/27","79.5900","1141811.0000","79.8000","80.4900","79.4100"
"2018/08/24","79.6300","691255.0000","79.5600","79.9900","79.1600"
"2018/08/23","79.2000","966791.0000","80.2600","80.7900","78.9700"
"2018/08/22","80.6200","787477.0000","80.7500","81.2050","79.9700"
"2018/08/21","81.1000","1955899.0000","78.7200","81.2950","78.6200"
"2018/08/20","78.1800","1706302.0000","81.7100","81.8600","78.1200"
"2018/08/17","81.5000","1216282.0000","81.5700","81.9800","80.7400"
"2018/08/16","82.1600","1065376.0000","82.6000","82.6000","81.4500"
"2018/08/15","81.9500","1933933.0000","82.3300","82.4184","81.1100"
"2018/08/14","82.7900","1448489.0000","83.5200","83.9600","82.2150"
"2018/08/13","83.1100","939918.0000","83.0000","84.0500","82.7000"
"2018/08/10","83.1900","1277337.0000","84.6900","84.6900","82.6800"
"2018/08/09","85.5100","672425.0000","85.0000","86.0400","84.5000"
"2018/08/08","85.5500","502316.0000","85.6700","86.4700","85.3800"
"2018/08/07","86.0600","1310563.0000","85.2100","86.4960","84.7708"
"2018/08/06","85.2000","941573.0000","83.4600","85.3700","82.5900"
"2018/08/03","84.1800","846836.0000","84.7000","84.7000","83.5100"
"2018/08/02","84.4100","2535526.0000","79.0000","84.9100","79.0000"
"2018/08/01","82.1800","2629847.0000","82.6600","83.3000","81.3700"
"2018/07/31","81.7600","753449.0000","81.4200","82.3400","80.6300"
"2018/07/30","80.8300","1131184.0000","81.4000","81.6950","79.9500"
"2018/07/27","81.7200","712817.0000","82.5400","82.9600","80.8750"
"2018/07/26","82.2000","830586.0000","81.2200","82.4550","80.7550"
"2018/07/25","81.2500","998051.0000","81.0200","81.6000","79.6000"
"2018/07/24","81.2200","854130.0000","83.2400","83.7300","81.0000"
"2018/07/23","82.5400","1106308.0000","80.7900","82.6800","79.6900"
"2018/07/20","81.2000","1618829.0000","84.3000","85.2400","81.0600"
"2018/07/19","83.7600","1337034.0000","82.3600","84.2100","82.2800"
"2018/07/18","82.4000","969365.0000","82.8000","83.5000","82.1300"
"2018/07/17","82.7200","579562.0000","81.2100","82.7500","80.7600"
"2018/07/16","81.3300","598538.0000","81.7200","82.3441","81.2100"
"2018/07/13","81.3700","625964.0000","81.8400","82.5800","81.1700"
"2018/07/12","81.9800","1184737.0000","80.4700","82.0600","80.0500"
"2018/07/11","80.2600","659876.0000","82.5600","82.6000","80.2000"
"2018/07/10","83.2900","615983.0000","82.3000","83.4100","82.0500"
"2018/07/09","82.5800","755269.0000","82.0100","82.7400","81.1300"
"2018/07/06","81.5300","759139.0000","81.7700","81.9075","80.0600"
"2018/07/05","81.8200","2325908.0000","79.5100","82.0400","78.6062"
"2018/07/03","77.4400","938130.0000","80.2000","80.2200","77.0000"
"2018/07/02","80.1000","710366.0000","79.7500","80.2900","78.7600"
"2018/06/29","80.1700","980912.0000","80.8300","81.3500","80.1000"
"2018/06/28","80.4800","597341.0000","79.6200","80.6300","79.3100"
"2018/06/27","79.8900","670221.0000","81.8100","82.3200","79.8800"
"2018/06/26","81.7200","858131.0000","80.4300","82.1150","79.8600"
"2018/06/25","80.3600","979261.0000","81.7000","81.9700","79.4114"
"2018/06/22","82.0500","1580911.0000","82.8300","82.9400","81.4600"
"2018/06/21","82.2300","681134.0000","83.8300","83.8300","82.0900"
"2018/06/20","83.4600","872635.0000","84.3000","84.4900","83.1900"
"2018/06/19","83.5100","1037230.0000","84.7300","85.2150","82.8300"
"2018/06/18","85.7900","2090330.0000","85.0100","86.5000","84.2200"
"2018/06/15","85.1200","2785200.0000","83.6700","85.2400","82.8700"
"2018/06/14","83.6500","2588112.0000","80.8400","83.9600","80.5000"
"2018/06/13","80.4000","1176605.0000","81.0100","81.5000","80.0200"
"2018/06/12","80.7300","916428.0000","79.8400","81.2400","79.5450"
"2018/06/11","79.8300","595814.0000","79.9900","80.3000","79.6400"
"2018/06/08","80.1600","1676817.0000","79.0900","80.9800","78.4200"
"2018/06/07","81.0400","1684506.0000","79.9500","82.1100","79.5200"
"2018/06/06","80.0900","2314782.0000","81.4100","81.7200","79.1600"
"2018/06/05","81.7200","730950.0000","81.9700","82.2500","81.2400"
"2018/06/04","81.6900","794580.0000","82.0000","82.0000","80.9175"
"2018/06/01","81.8100","1218477.0000","80.6300","82.0000","80.3000"
"2018/05/31","80.2500","1109586.0000","80.8100","81.5400","80.0200"
"2018/05/30","80.9300","1136432.0000","79.9100","81.0400","79.6500"
"2018/05/29","79.9400","1582577.0000","80.8600","81.0500","78.9800"
"2018/05/25","81.4900","1066520.0000","81.4800","82.0847","81.2700"
"2018/05/24","81.2300","1345621.0000","81.3200","81.9400","80.5000"
"2018/05/23","81.3000","1244882.0000","81.1800","81.3400","80.0000"
"2018/05/22","80.7800","1061182.0000","81.5700","82.2900","80.6300"
"2018/05/21","81.1500","1338756.0000","80.4700","81.8300","79.8100"
"2018/05/18","79.5900","1724451.0000","80.0200","80.1500","78.7500"
"2018/05/17","80.6100","686415.0000","79.1650","81.1900","79.1650"
"2018/05/16","81.0500","1080493.0000","80.3800","81.2400","80.2000"
"2018/05/15","80.1000","1158804.0000","81.1300","81.2600","79.4600"
"2018/05/14","81.6700","1202330.0000","82.3300","83.4200","81.0450"
"2018/05/11","81.6400","854165.0000","81.2600","82.0900","81.2600"
"2018/05/10","81.9900","1138674.0000","80.7900","82.0500","80.0000"
"2018/05/09","80.2100","1249006.0000","79.9400","80.8600","79.5000"
"2018/05/08","79.8900","1686958.0000","79.2000","80.4200","78.8798"
"2018/05/07","79.6400","2451787.0000","79.8300","81.4100","79.1600"
"2018/05/04","79.4900","1761248.0000","76.1900","79.5400","75.8400"
"2018/05/03","76.7300","3968412.0000","74.0300","77.7500","70.7800"
"2018/05/02","74.2400","3777525.0000","72.0000","74.6900","71.8600"
"2018/05/01","71.8000","2419982.0000","68.6500","72.4600","68.3400"
"2018/04/30","67.4000","2140126.0000","67.3400","68.4400","66.3000"
"2018/04/27","67.3800","1451121.0000","68.5900","68.5900","67.2200"
"2018/04/26","68.4800","1250168.0000","68.4300","69.1450","67.2900"
"2018/04/25","67.6600","1425183.0000","68.1100","68.6500","67.1400"
"2018/04/24","68.0600","2218242.0000","68.8900","69.4600","67.7450"
"2018/04/23","68.6800","2345370.0000","70.2100","70.6700","68.3000"
"2018/04/20","69.8800","1660795.0000","70.7800","71.0300","68.5400"
"2018/04/19","70.6300","2774217.0000","71.4000","71.7700","69.7100"
"2018/04/18","73.1200","950358.0000","73.2600","73.7700","72.1300"
"2018/04/17","73.4700","785897.0000","72.8600","73.8300","72.5600"
"2018/04/16","72.2800","1075327.0000","72.7500","72.9100","71.2200"
"2018/04/13","72.5500","820776.0000","72.9000","72.9000","71.6200"
"2018/04/12","72.5100","1440695.0000","72.7200","73.3900","72.0200"
"2018/04/11","72.2000","1026549.0000","70.9100","72.8200","70.4200"
"2018/04/10","71.2400","1072861.0000","70.8000","71.6400","70.4100"
"2018/04/09","69.5900","1157276.0000","70.1000","71.4400","69.5700"
"2018/04/06","69.7200","1263149.0000","70.7000","71.5300","69.3300"
"2018/04/05","71.4100","1582972.0000","71.6600","72.4000","70.9350"
"2018/04/04","71.5100","1231613.0000","68.2200","71.5900","67.8100"
"2018/04/03","69.7100","1093358.0000","69.0100","69.9300","68.6500"
"2018/04/02","68.5300","1237846.0000","70.0700","70.4400","68.0600"
"2018/03/29","70.4500","1542146.0000","69.1200","71.0600","68.2500"
"2018/03/28","68.5400","1717767.0000","69.9300","70.8700","68.1300"
"2018/03/27","70.2300","1844411.0000","73.4900","73.5700","69.6345"
"2018/03/26","73.3400","1813842.0000","72.5500","73.5300","71.2600"
"2018/03/23","71.5500","2166289.0000","72.7600","73.4000","70.6100"
"2018/03/22","72.6500","2630877.0000","73.4300","74.4300","72.1900"
"2018/03/21","74.1800","2088216.0000","75.0700","75.9196","73.9200"
"2018/03/20","75.0700","4308566.0000","75.0500","76.6600","73.5200"
"2018/03/19","78.4200","2498991.0000","79.8000","80.3100","77.4200"
"2018/03/16","80.7500","2831779.0000","79.2900","81.6200","78.9900"
"2018/03/15","79.0000","6685994.0000","79.4800","80.0200","74.7900"
"2018/03/14","82.2200","1390917.0000","83.4600","83.7500","81.2500"
"2018/03/13","83.4200","1774675.0000","86.5600","86.5600","83.0700"
"2018/03/12","86.3900","1319165.0000","86.0000","86.8400","83.9600"
"2018/03/09","85.5100","1437278.0000","84.4500","85.5100","83.8844"
"2018/03/08","84.2300","1400807.0000","83.5000","84.2900","82.7000"
"2018/03/07","83.3200","1778541.0000","82.8300","84.3000","82.7700"
"2018/03/06","83.6800","1260223.0000","83.4600","84.2400","83.2500"
"2018/03/05","83.1900","1692498.0000","80.6500","83.5325","80.6500"
"2018/03/02","81.1300","1667251.0000","77.8700","81.3000","77.8700"
"2018/03/01","78.6100","1482898.0000","80.8300","81.0900","78.1600"
"2018/02/28","80.7100","988461.0000","81.2500","81.9300","80.1500"
"2018/02/27","81.2100","1139620.0000","81.5800","82.2800","81.1800"
"2018/02/26","81.4800","1029376.0000","80.1300","81.4900","79.8600"
"2018/02/23","80.1300","1066475.0000","78.9800","80.1600","78.5700"
"2018/02/22","78.5000","1493058.0000","80.1700","80.6000","78.1200"
"2018/02/21","79.9500","1735732.0000","80.3800","80.8400","79.7200"
"2018/02/20","80.1700","2299591.0000","77.3700","80.8800","77.3700"
"2018/02/16","77.3100","1387212.0000","78.3700","78.8200","77.2900"
"2018/02/15","78.5600","1393972.0000","78.9700","79.7200","77.4800"
"2018/02/14","78.8200","1736313.0000","78.8100","79.8300","78.4500"
"2018/02/13","79.3500","1128298.0000","78.8000","79.7000","78.5100"
"2018/02/12","79.1700","1611918.0000","78.3400","79.9500","77.9400"
"2018/02/09","77.8500","3361767.0000","77.7600","79.8000","75.5000"
"2018/02/08","76.8500","2632259.0000","78.0900","80.6200","76.8100"
"2018/02/07","78.0900","3294188.0000","78.7500","80.0200","78.0700"
"2018/02/06","79.0700","3670895.0000","74.9900","79.2500","74.1100"
"2018/02/05","75.5800","4716998.0000","80.2000","81.9700","75.3500"
"2018/02/02","80.7700","4078454.0000","82.4100","83.8900","80.6200"
"2018/02/01","83.3400","10685920.0000","79.3200","85.2400","77.8900"
"2018/01/31","71.7700","3745893.0000","71.5000","71.9500","69.8800"
"2018/01/30","70.6700","5946262.0000","67.4800","75.0800","67.4000"
"2018/01/29","68.1900","2277383.0000","67.3200","68.4500","67.3000"
"2018/01/26","67.9400","1922030.0000","66.4200","67.9400","66.1000"
"2018/01/25","66.0600","1903884.0000","67.4600","67.5200","65.7200"
"2018/01/24","66.9000","2798440.0000","66.7600","67.8850","65.8000"
"2018/01/23","67.3200","2028304.0000","66.4400","67.7900","66.1000"
"2018/01/22","66.3400","3147059.0000","68.1200","68.5200","65.5600"
"2018/01/19","68.4000","2816599.0000","70.5000","70.5000","67.1300"
"2018/01/18","70.7000","1233643.0000","70.8400","71.9900","70.5900"
"2018/01/17","70.8500","1023757.0000","69.4700","71.0900","69.3200"
"2018/01/16","69.3000","1188483.0000","71.3700","71.6100","68.9096"
"2018/01/12","71.0400","1622031.0000","69.1200","71.2300","68.7050"
"2018/01/11","68.8800","1022358.0000","68.0000","69.3900","67.6700"
"2018/01/10","67.7400","1597911.0000","68.7000","68.9800","67.3500"
"2018/01/09","69.0000","1508516.0000","69.1400","69.9700","68.4400"
"2018/01/08","68.8400","1389978.0000","67.8900","68.9700","67.2900"
"2018/01/05","68.0300","1556352.0000","69.0600","69.4383","67.9200"
"2018/01/04","68.7200","1346925.0000","68.6900","69.8800","68.0900"
"2018/01/03","68.3900","1552777.0000","69.0800","70.0075","68.1400"
"2018/01/02","68.8800","1327258.0000","67.0600","68.9700","66.0800"
"2017/12/29","66.6000","714726.0000","67.3600","67.5700","66.5800"
"2017/12/28","67.3600","850267.0000","67.5100","67.9000","66.8500"
"2017/12/27","67.2600","1135414.0000","66.2500","67.9900","65.9800"
"2017/12/26","65.9000","1260266.0000","65.8400","67.6900","64.5300"
"2017/12/22","67.6900","877754.0000","67.4900","68.2100","67.3500"
"2017/12/21","67.4800","913391.0000","67.2500","67.5500","67.0600"
"2017/12/20","67.0700","844946.0000","67.2200","67.5200","66.1300"
"2017/12/19","66.7900","878480.0000","66.7500","67.2800","66.3650"
"2017/12/18","67.0500","1824122.0000","66.0000","67.3300","65.3000"
"2017/12/15","65.5300","4164832.0000","65.5700","66.1500","64.7200"
"2017/12/14","65.2300","1969889.0000","67.2000","67.3300","65.2100"
"2017/12/13","67.2900","1537802.0000","68.1400","69.0850","67.0600"
"2017/12/12","67.6900","1902868.0000","68.1100","68.4600","66.5200"
"2017/12/11","68.6200","1348122.0000","67.6400","68.9000","67.6400"
"2017/12/08","67.8800","2053982.0000","69.2800","69.3700","67.6600"
"2017/12/07","68.7200","1864338.0000","71.5300","71.5600","68.3500"
"2017/12/06","70.1000","3571480.0000","70.0000","71.0100","67.5300"
"2017/12/05","71.7800","1862397.0000","72.0400","73.2600","70.8300"
"2017/12/04","72.4000","2211708.0000","74.7600","75.3100","71.8500"
"2017/12/01","74.2100","2122131.0000","76.0900","76.3000","71.6600"
"2017/11/30","76.5800","1191234.0000","76.8900","77.4900","76.1750"
"2017/11/29","76.6900","1501563.0000","78.9700","79.1050","75.2700"
"2017/11/28","79.0300","1119990.0000","79.9900","80.0000","77.7939"
"2017/11/27","79.7400","905869.0000","80.0000","80.4300","79.2210"
"2017/11/24","80.6200","238694.0000","79.7500","80.6500","79.7500"
"2017/11/22","79.6100","637276.0000","80.5400","80.7133","79.3000"
"2017/11/21","80.5900","1137519.0000","79.4700","80.8400","79.4000"
"2017/11/20","79.1400","709150.0000","77.6000","79.2300","77.6000"
"2017/11/17","77.3300","926782.0000","78.0400","78.3968","76.6800"
"2017/11/16","77.9100","868994.0000","77.0500","78.1600","76.9900"
"2017/11/15","76.6800","1092173.0000","78.2600","78.3700","76.3300"
"2017/11/14","78.4100","783392.0000","79.0000","79.7800","78.0700"
"2017/11/13","79.0800","1006485.0000","79.1600","79.9200","78.5600"
"2017/11/10","79.5700","928420.0000","81.2000","81.2000","79.0300"
"2017/11/09","79.4700","1462879.0000","80.4800","80.9600","78.3200"
"2017/11/08","80.8200","1691814.0000","78.4800","80.9400","78.1100"
"2017/11/07","78.4600","1758389.0000","77.5800","79.9800","76.7000"
"2017/11/06","78.4900","2981340.0000","73.7800","78.9700","73.4700"
"2017/11/03","73.8400","2903150.0000","74.3500","74.4800","71.7300"
"2017/11/02","74.3000","2611724.0000","71.7300","74.8100","71.1900"
"2017/11/01","74.4600","1950007.0000","76.1600","76.5900","73.8600"
"2017/10/31","75.8100","1416817.0000","76.4500","77.0550","75.2800"
"2017/10/30","76.2500","1619329.0000","74.0200","76.5900","73.7500"
"2017/10/27","73.7200","1237364.0000","72.7400","73.7600","71.2000"
"2017/10/26","71.5600","595058.0000","72.1300","72.5200","71.4450"
"2017/10/25","71.7800","1459816.0000","71.8000","73.3900","71.3100"
"2017/10/24","71.4400","1207033.0000","70.1100","71.6600","69.7700"
"2017/10/23","69.8000","1163832.0000","70.0800","70.5300","69.5000"
"2017/10/20","69.9200","779568.0000","70.1300","70.5500","69.7200"
"2017/10/19","69.6800","1596155.0000","71.5000","71.5000","69.1200"
"2017/10/18","72.0200","801808.0000","72.2700","72.3450","70.9100"
"2017/10/17","72.2700","1019870.0000","72.5200","73.1900","71.5800"
"2017/10/16","72.5300","720730.0000","72.2700","72.7400","72.1300"
"2017/10/13","72.3900","663596.0000","72.5800","73.0300","72.0800"
"2017/10/12","72.3600","1239708.0000","72.7200","73.0700","72.2601"
"2017/10/11","72.9400","839472.0000","71.9000","73.0000","71.9000"
"2017/10/10","71.8400","986320.0000","72.7500","72.8100","71.0100"
"2017/10/09","72.6600","418153.0000","72.6500","72.9400","72.1100"
"2017/10/06","72.6900","607207.0000","71.6400","72.8000","71.6400"
"2017/10/05","71.7000","759852.0000","72.2400","72.6800","71.1100"
"2017/10/04","72.1600","610688.0000","71.0200","72.1700","70.5280"
"2017/10/03","71.3900","428588.0000","71.5200","71.7600","71.0200"
"2017/10/02","71.2900","795569.0000","70.8400","72.0600","70.8400"
"2017/09/29","70.6800","1019021.0000","70.2000","71.0900","69.2200"
"2017/09/28","70.2000","883452.0000","70.2500","70.7200","69.5700"
"2017/09/27","70.2500","1041532.0000","69.2300","70.7700","68.6500"
"2017/09/26","68.2400","1113202.0000","69.0000","69.3700","67.6975"
"2017/09/25","68.6600","1932816.0000","70.6400","70.6400","68.2600"
"2017/09/22","71.2000","1035569.0000","70.3800","71.5700","70.2300"
"2017/09/21","70.6100","1653568.0000","70.2100","70.7200","69.0600"
"2017/09/20","70.3200","2167749.0000","74.3000","74.3200","69.9300"
"2017/09/19","74.3200","645871.0000","74.4400","74.6100","73.6350"
"2017/09/18","74.3500","1000831.0000","75.5000","76.4700","74.2000"
"2017/09/15","75.4900","1440944.0000","73.3700","75.5500","73.2250"
"2017/09/14","73.4800","645265.0000","72.5600","74.6900","72.5600"
"2017/09/13","73.0100","522644.0000","72.9000","73.2400","72.3100"
"2017/09/12","72.9500","915007.0000","72.9000","73.6400","72.5500"
"2017/09/11","72.6300","780425.0000","72.3400","73.1600","72.1400"
"2017/09/08","71.6100","707064.0000","73.2900","73.4000","71.4400"
"2017/09/07","73.2200","2006594.0000","73.4100","75.7100","73.1400"
"2017/09/06","73.3200","725009.0000","73.2700","73.9750","72.0350"
"2017/09/05","73.3800","869868.0000","72.9300","73.9900","72.2400"
"2017/09/01","73.2600","703005.0000","73.3900","74.2300","73.0700"
"2017/08/31","73.2200","810963.0000","73.1900","73.6600","72.8200"
"2017/08/30","73.1200","831993.0000","70.7600","73.1700","70.6200"
"2017/08/29","70.4600","510672.0000","69.9100","70.6900","69.3100"
"2017/08/28","70.6000","721342.0000","71.1500","71.1500","70.0600"
"2017/08/25","70.9300","837493.0000","70.5200","71.2600","70.1998"
"2017/08/24","70.2500","827546.0000","70.9900","71.2000","70.1300"
"2017/08/23","70.6700","752553.0000","70.5300","70.8900","70.0501"
"2017/08/22","71.0100","806923.0000","69.7400","71.1100","69.7100"
"2017/08/21","69.3300","827654.0000","69.6200","69.9800","68.5200"
"2017/08/18","69.6700","1284368.0000","71.7100","71.8100","69.6001"
"2017/08/17","71.1900","1379128.0000","72.1100","72.7350","71.1600"
"2017/08/16","72.4200","1281541.0000","71.9000","72.4700","71.4600"
"2017/08/15","71.7600","1694199.0000","71.3400","72.3000","70.4300"
"2017/08/14","71.4200","1537853.0000","69.5400","71.6100","69.5000"
"2017/08/11","68.9000","960761.0000","67.6700","69.0500","66.8300"
"2017/08/10","67.7700","1277859.0000","68.6400","68.6700","67.4900"
"2017/08/09","69.0600","865424.0000","68.8100","69.4200","68.3900"
"2017/08/08","69.1600","1369058.0000","68.4100","69.8000","67.5550"
"2017/08/07","68.8000","1366873.0000","66.8200","69.1800","66.8200"
"2017/08/04","66.6200","965533.0000","66.7000","68.1000","66.2200"
"2017/08/03","66.8900","2459067.0000","66.3000","68.9750","64.7000"
"2017/08/02","66.8600","2233988.0000","69.3700","69.3700","66.6300"
"2017/08/01","68.0700","1394225.0000","68.6700","68.6700","67.6800"
"2017/07/31","68.5600","1440274.0000","69.1900","69.2600","68.0300"
"2017/07/28","69.0000","789364.0000","68.8700","69.3500","68.3700"
"2017/07/27","69.1000","2024079.0000","69.6200","69.6600","68.3250"
"2017/07/26","69.5400","747114.0000","69.5300","70.2700","68.9800"
"2017/07/25","69.2950","1075519.0000","69.2000","69.7299","68.4068"
"2017/07/24","69.1700","1642815.0000","69.2800","69.5000","68.8000"
"2017/07/21","69.2900","1563585.0000","68.7200","69.4200","67.5200"
"2017/07/20","68.7200","1174471.0000","67.7200","68.9600","67.0400"
"2017/07/19","67.6400","910330.0000","67.2500","67.7000","66.8600"
"2017/07/18","66.9800","909355.0000","66.8900","67.1700","66.1600"
"2017/07/17","67.0000","1196702.0000","67.3000","67.5500","66.6100"
"2017/07/14","67.3200","789383.0000","67.7100","68.0800","67.2300"
"2017/07/13","67.3700","2169419.0000","67.3000","67.7800","66.3200"
"2017/07/12","67.4700","2342315.0000","66.2900","67.8100","65.7300"
"2017/07/11","65.9300","997650.0000","64.9900","66.1500","64.8326"
"2017/07/10","65.0000","2001163.0000","65.6200","65.9800","63.9700"
"2017/07/07","65.8600","1932939.0000","64.4200","66.2600","64.2800"
"2017/07/06","64.0100","1965180.0000","64.0800","65.0800","63.5900"
"2017/07/05","65.0200","2265772.0000","63.4300","65.3400","63.3600"
"2017/07/03","63.0000","807182.0000","63.4900","63.9500","62.6800"
"2017/06/30","63.3200","1584894.0000","64.4500","64.8000","63.0600"
"2017/06/29","64.2900","1957202.0000","65.5700","65.7500","63.0300"
"2017/06/28","65.9500","2204124.0000","65.0700","66.1900","63.8060"
"2017/06/27","64.4900","2499597.0000","66.0800","66.3400","64.1000"
"2017/06/26","66.4100","3320615.0000","69.9500","70.4200","66.1100"
"2017/06/23","69.9400","2683712.0000","70.7100","70.7900","69.7900"
"2017/06/22","70.4900","1088968.0000","71.1000","71.1200","69.3250"
"2017/06/21","71.1800","1316503.0000","71.3000","72.1800","70.6200"
"2017/06/20","70.8600","1045476.0000","72.2500","72.5100","70.7800"
"2017/06/19","72.4600","1724628.0000","72.2900","72.8300","71.8000"
"2017/06/16","71.7200","1685068.0000","72.0500","72.3300","71.2300"
"2017/06/15","71.6800","2749369.0000","70.7500","72.3000","70.2800"
"2017/06/14","72.1300","2132842.0000","74.9200","75.3100","70.8800"
"2017/06/13","74.6500","1147175.0000","75.0400","76.3900","74.3000"
"2017/06/12","74.6300","2174446.0000","74.2000","74.7600","71.2000"
"2017/06/09","75.2700","2087934.0000","77.7800","78.9900","73.3900"
"2017/06/08","78.0800","1443302.0000","78.0200","78.1800","76.6400"
"2017/06/07","77.6700","1133155.0000","77.4500","78.3700","77.0800"
"2017/06/06","77.5000","1070853.0000","77.0900","78.2100","76.3400"
"2017/06/05","77.3000","1443826.0000","78.6900","79.0900","77.0200"
"2017/06/02","78.9500","1573209.0000","78.9500","79.1100","77.5600"
"2017/06/01","79.0600","1285642.0000","78.0700","79.0600","77.6100"
"2017/05/31","77.9500","1409415.0000","78.9300","79.3390","77.2000"
"2017/05/30","78.6500","1877610.0000","77.7100","79.1000","77.4400"
"2017/05/26","77.8400","1349474.0000","78.8600","78.8799","77.7600"
"2017/05/25","78.8300","1907704.0000","78.6500","79.3263","77.8500"
"2017/05/24","78.3900","1745529.0000","78.8100","79.2000","77.3700"
"2017/05/23","78.5500","1856989.0000","78.2600","78.6100","76.3600"
"2017/05/22","78.0700","2953367.0000","75.7800","78.8300","75.7450"
"2017/05/19","75.5100","2091023.0000","76.0900","76.4950","75.2400"
"2017/05/18","75.5500","3399143.0000","72.1600","75.9800","71.7500"
"2017/05/17","72.5400","2764361.0000","73.7800","74.5900","72.5000"
"2017/05/16","74.8400","3181988.0000","71.7300","74.9200","71.6650"
"2017/05/15","71.5400","4526886.0000","67.2600","72.1280","67.2600"
"2017/05/12","67.8000","1741906.0000","66.8700","67.8200","66.8371"
"2017/05/11","67.0200","1507756.0000","66.5100","67.0700","65.8400"
"2017/05/10","66.7900","1102522.0000","66.3600","66.8850","65.7400"
"2017/05/09","66.1600","1797564.0000","65.8100","66.8900","65.6500"
"2017/05/08","65.6500","1592568.0000","66.8300","67.0500","65.3900"
"2017/05/05","66.9000","1637264.0000","67.2700","67.3400","65.8700"
"2017/05/04","67.0200","4479427.0000","66.8700","69.9800","66.4500"
"2017/05/03","68.0500","2240519.0000","67.9000","68.4400","67.5000"
"2017/05/02","68.3400","1292958.0000","68.5300","68.5300","67.3000"
"2017/05/01","68.6100","1146679.0000","68.2600","68.9500","67.7200"
"2017/04/28","68.0300","2849980.0000","70.3400","70.3500","67.6100"
"2017/04/27","71.1200","1386929.0000","71.3000","71.6500","70.7700"
"2017/04/26","70.9700","1055869.0000","71.3000","71.5507","70.2600"
"2017/04/25","71.3100","1351198.0000","71.4600","71.7700","71.1810"
"2017/04/24","70.9400","815462.0000","71.3200","71.6500","70.8400"
"2017/04/21","70.1600","1248629.0000","70.8900","70.9000","70.1400"
"2017/04/20","71.0300","867765.0000","70.6100","71.3400","70.0000"
"2017/04/19","69.9900","947419.0000","70.1000","71.1900","69.8500"
"2017/04/18","69.5400","1003984.0000","68.8300","69.6200","68.5800"
"2017/04/17","69.0700","939824.0000","68.5200","69.2200","68.5200"
"2017/04/13","68.4800","2031292.0000","68.3800","69.5499","68.1150"
"2017/04/12","68.7600","1373604.0000","70.2300","70.4400","68.6200"
"2017/04/11","70.2000","2243640.0000","69.7600","70.2300","68.3700"
"2017/04/10","70.6400","1885570.0000","71.2200","72.4200","70.6200"
"2017/04/07","71.3300","2904565.0000","69.3600","71.9100","69.3050"
"2017/04/06","69.2900","1260293.0000","68.5300","69.4100","68.2400"
"2017/04/05","68.6000","1760334.0000","68.4200","69.8700","68.4200"
"2017/04/04","68.3200","1155806.0000","67.5800","68.5600","67.1200"
"2017/04/03","68.0500","1484946.0000","68.5600","68.9200","67.0600"
"2017/03/31","68.5600","1060668.0000","69.1600","69.1600","68.5400"
"2017/03/30","69.0800","1595428.0000","68.0100","69.7100","67.8400"
"2017/03/29","67.8500","1078890.0000","68.1200","68.3650","67.4000"
"2017/03/28","68.2500","949506.0000","68.1100","68.8400","67.6975"
"2017/03/27","68.3700","1069754.0000","66.9600","68.4200","66.1700"
"2017/03/24","67.6400","899518.0000","67.3300","68.1300","67.2300"
"2017/03/23","66.8300","945761.0000","66.4500","67.4000","66.1900"
"2017/03/22","66.5300","1377517.0000","65.4500","66.8900","64.7900"
"2017/03/21","65.5300","1983486.0000","67.8000","67.8490","65.3400"
"2017/03/20","67.5800","1039708.0000","67.2000","67.9900","66.5001"
"2017/03/17","67.4200","2264459.0000","68.3400","68.3400","67.3450"
"2017/03/16","68.2200","2005883.0000","68.7100","69.0400","67.1100"
"2017/03/15","68.9500","1615969.0000","68.3400","69.1200","67.4900"
"2017/03/14","67.8500","1298474.0000","67.4500","68.1800","66.8000"
"2017/03/13","67.6800","872663.0000","67.1300","67.7900","67.1050"
"2017/03/10","67.1100","1012456.0000","66.8500","67.6400","66.6100"
"2017/03/09","66.6500","821036.0000","66.2900","67.1200","65.5000"
"2017/03/08","66.4000","1239835.0000","66.6000","67.3700","65.9878"
"2017/03/07","66.8900","1674027.0000","66.2300","67.3700","65.9600"
"2017/03/06","66.4200","1712830.0000","65.8800","66.5900","65.5600"
"2017/03/03","66.2100","921548.0000","66.1900","66.8200","65.7700"
"2017/03/02","66.1100","1202015.0000","68.0100","68.0500","66.0600"
"2017/03/01","67.8500","1352852.0000","66.5000","68.0000","66.2300"
"2017/02/28","66.1000","1317479.0000","67.6100","67.7000","65.9300"
"2017/02/27","67.6200","1292004.0000","66.2800","67.6600","65.6000"
"2017/02/24","66.1900","1574816.0000","66.3700","66.5600","64.1800"
"2017/02/23","67.2000","1315105.0000","68.0200","68.3000","66.3900"
"2017/02/22","67.5500","1151861.0000","67.5600","68.6600","67.2174"
"2017/02/21","67.5700","2758323.0000","67.0300","67.9500","66.8500"
"2017/02/17","67.1200","1688725.0000","66.9000","67.6000","65.8600"
"2017/02/16","67.1500","837657.0000","67.2600","67.6800","66.3700"
"2017/02/15","67.1700","785405.0000","66.4200","67.4100","66.1420"
"2017/02/14","66.4400","996880.0000","66.4900","66.7400","65.8150"
"2017/02/13","66.5300","1085608.0000","66.4700","67.2000","66.1000"
"2017/02/10","66.2700","1003296.0000","66.3200","66.4200","65.5800"
"2017/02/09","66.2800","1305111.0000","66.1300","66.4000","65.5700"
"2017/02/08","66.2000","1745352.0000","64.9300","66.2500","64.5500"
"2017/02/07","64.7500","1271552.0000","64.3600","65.0500","64.1900"
"2017/02/06","64.3600","2005719.0000","63.4900","64.3600","63.3100"
"2017/02/03","63.9600","1559275.0000","63.4600","64.6300","63.3600"
"2017/02/02","63.3500","5475674.0000","61.3400","65.6900","61.1200"
"2017/02/01","64.5500","4059753.0000","65.1500","65.9700","63.3400"
"2017/01/31","64.2100","1943580.0000","63.8400","64.4200","63.2800"
"2017/01/30","64.2900","3150134.0000","63.5200","64.5100","63.0100"
"2017/01/27","63.6500","1134290.0000","63.5700","63.9600","62.8900"
"2017/01/26","63.3400","2107145.0000","63.7000","64.1900","62.8000"
"2017/01/25","64.0400","1840928.0000","63.1300","64.0800","62.5500"
"2017/01/24","62.5000","2434100.0000","62.1500","63.0900","61.9200"
"2017/01/23","61.8500","2224372.0000","60.9200","62.1100","60.9200"
"2017/01/20","61.0200","3420049.0000","60.0400","61.7000","59.5100"
"2017/01/19","58.3100","2182453.0000","59.1900","59.8000","58.1100"
"2017/01/18","59.1700","1567889.0000","57.7000","59.2900","57.6300"
"2017/01/17","57.2600","2067049.0000","58.0300","58.8700","56.9000"
"2017/01/13","58.5700","1598841.0000","56.7800","58.9800","56.6300"
"2017/01/12","56.8400","1622161.0000","56.0600","56.9400","55.3700"
"2017/01/11","56.8000","1107132.0000","56.3500","56.8600","55.5000"
"2017/01/10","56.4000","1972550.0000","54.4300","56.5800","54.4300"
"2017/01/09","54.3700","1252041.0000","53.9100","55.3500","53.9100"
"2017/01/06","53.8600","943023.0000","53.6000","54.4100","53.0900"
"2017/01/05","53.3600","1343366.0000","54.0400","54.5200","52.8100"
"2017/01/04","54.5100","1503674.0000","52.9900","54.5600","52.7400"
"2017/01/03","52.9000","1840364.0000","53.1800","53.9500","52.1200"
"2016/12/30","52.7300","1222143.0000","53.7500","53.8087","52.0500"
"2016/12/29","53.6100","982780.0000","54.4700","54.5662","52.9000"
"2016/12/28","54.7000","1059253.0000","55.5500","55.7500","54.0100"
"2016/12/27","55.5400","745656.0000","55.3800","56.1500","55.2900"
"2016/12/23","55.5300","1073153.0000","55.1000","55.5800","54.8800"
"2016/12/22","55.1000","712247.0000","55.4600","55.8000","54.8600"
"2016/12/21","54.9900","785166.0000","54.8500","55.4500","54.6700"
"2016/12/20","54.7400","958219.0000","55.7000","55.7200","54.0100"
"2016/12/19","55.4500","712647.0000","54.9300","55.5000","54.6900"
"2016/12/16","54.6900","1771012.0000","56.0400","56.3800","54.5700"
"2016/12/15","55.6900","2170234.0000","54.0000","56.0900","53.4500"
"2016/12/14","53.5900","1234264.0000","54.7600","54.9900","53.4200"
"2016/12/13","54.7800","953794.0000","54.9200","55.2600","54.4800"
"2016/12/12","54.7900","1120004.0000","56.4800","56.5500","54.4700"
"2016/12/09","56.4800","1442821.0000","58.4000","59.1200","56.1000"
"2016/12/08","57.8100","3090341.0000","55.0000","58.9200","55.0000"
"2016/12/07","55.1400","1765477.0000","54.0000","55.4700","53.5000"
"2016/12/06","54.0600","1340597.0000","52.7700","54.2500","52.7200"
"2016/12/05","52.4800","1443399.0000","50.9600","52.6300","50.7600"
"2016/12/02","50.5400","1169364.0000","49.9400","50.9600","49.5300"
"2016/12/01","50.0300","1947235.0000","53.4100","53.4850","49.7900"
"2016/11/30","53.4100","1152726.0000","54.4800","54.8000","53.2500"
"2016/11/29","54.2800","834508.0000","54.5500","54.7700","54.0600"
"2016/11/28","54.8600","877409.0000","54.8200","55.6800","54.5700"
"2016/11/25","54.9000","660204.0000","54.5800","55.0300","53.6400"
"2016/11/23","54.6100","931259.0000","55.2100","55.2500","54.4300"
"2016/11/22","55.3000","904450.0000","55.2600","55.6250","54.7100"
"2016/11/21","54.9500","885538.0000","55.3700","55.9000","54.5000"
"2016/11/18","55.2800","1123037.0000","55.4100","55.9259","54.3300"
"2016/11/17","55.5500","1168406.0000","54.5700","55.5900","54.2000"
"2016/11/16","54.4000","1328218.0000","54.4400","54.7020","53.8000"
"2016/11/15","54.3000","1400865.0000","53.0500","54.8100","52.8700"
"2016/11/14","52.7400","1282941.0000","53.3300","53.5400","52.3100"
"2016/11/11","53.5200","2038428.0000","52.9300","54.5800","52.5900"
"2016/11/10","51.5600","2272597.0000","51.7900","53.6000","50.7510"
"2016/11/09","51.7800","2023337.0000","50.0600","51.9300","49.6010"
"2016/11/08","50.9600","2737649.0000","50.2100","51.5900","49.6100"
"2016/11/07","50.4700","4073279.0000","51.4800","51.5000","49.7600"
"2016/11/04","51.0800","10108530.0000","48.3600","51.4600","48.2800"
"2016/11/03","56.7400","3590656.0000","56.0300","57.6800","55.7200"
"2016/11/02","56.0600","1304182.0000","55.7300","56.4800","55.4150"
"2016/11/01","56.0100","1210050.0000","55.6600","56.6500","55.1576"
"2016/10/31","55.6500","993072.0000","54.5500","55.9500","54.4600"
"2016/10/28","54.1800","1124667.0000","55.8000","56.2000","54.1000"
"2016/10/27","55.5900","1448031.0000","57.0800","57.2900","55.2600"
"2016/10/26","56.6500","968336.0000","55.8200","56.8000","55.4200"
"2016/10/25","56.3300","988773.0000","57.1800","57.4300","56.1500"
"2016/10/24","57.2900","1813500.0000","55.3000","57.4900","55.0000"
"2016/10/21","54.7000","830350.0000","54.5400","54.9100","53.8040"
"2016/10/20","54.8800","1135527.0000","54.3700","55.1600","54.2000"
"2016/10/19","54.3500","667229.0000","53.3200","54.3800","52.9900"
"2016/10/18","53.5900","818153.0000","53.1800","54.0600","53.1700"
"2016/10/17","52.6500","632584.0000","52.9300","53.3800","52.6000"
"2016/10/14","53.0000","846548.0000","53.0300","54.2800","52.9100"
"2016/10/13","52.9100","1698405.0000","54.7900","54.9950","52.7100"
"2016/10/12","55.2100","1159025.0000","55.4800","55.6100","54.6300"
"2016/10/11","55.5200","1177677.0000","55.9200","56.0973","54.9500"
"2016/10/10","56.0200","831891.0000","56.6900","57.2280","55.7500"
"2016/10/07","56.6400","1645625.0000","55.5700","56.8700","55.2400"
"2016/10/06","55.3400","1124426.0000","54.7200","55.4400","53.8500"
"2016/10/05","54.5000","1415427.0000","54.5600","55.7000","54.3000"
"2016/10/04","54.2500","1007632.0000","54.3200","54.9400","54.0600"
"2016/10/03","54.1500","1414638.0000","55.4000","56.1400","54.1000"
"2016/09/30","55.7400","2215916.0000","54.1100","56.2100","53.8600"
"2016/09/29","53.6800","2947809.0000","54.3000","54.8300","52.8200"
"2016/09/28","54.6200","846730.0000","54.8900","55.6044","54.1800"
"2016/09/27","54.6000","926700.0000","53.8400","54.7310","53.3000"
"2016/09/26","53.9900","1286130.0000","54.4400","54.6900","53.5500"
"2016/09/23","54.8700","1257409.0000","56.4800","56.6500","54.8400"
"2016/09/22","56.5200","928244.0000","56.3700","56.9700","56.1900"
"2016/09/21","56.0700","1093707.0000","54.9300","56.0900","54.7300"
"2016/09/20","54.7500","1489504.0000","56.4700","56.5400","54.6200"
"2016/09/19","56.3300","1240426.0000","55.7500","56.6400","55.5600"
"2016/09/16","55.7600","3647113.0000","56.6700","56.6700","54.9800"
"2016/09/15","56.5300","2219362.0000","55.3700","56.8600","55.2370"
"2016/09/14","55.1100","2186962.0000","53.8600","55.4200","53.5800"
"2016/09/13","53.9200","1641734.0000","54.0100","54.5700","53.3300"
"2016/09/12","53.7600","2046921.0000","52.0000","53.8000","51.1900"
"2016/09/09","52.4800","3136186.0000","55.0000","55.3100","52.4300"
"2016/09/08","55.4300","2224583.0000","55.7100","56.1000","55.3200"
"2016/09/07","55.9300","1769920.0000","54.9600","56.2600","54.9600"
"2016/09/06","56.0200","2521294.0000","57.8500","57.8500","55.4500"
"2016/09/02","57.6000","966265.0000","57.9500","58.3300","57.1500"
"2016/09/01","57.7500","1582230.0000","57.4600","57.8500","56.3400"
"2016/08/31","57.4300","1626163.0000","57.4600","57.7500","56.7500"
"2016/08/30","57.6900","1359194.0000","57.5000","58.0300","57.2900"
"2016/08/29","57.8700","802359.0000","57.6400","58.1300","57.5300"
"2016/08/26","57.6200","1294248.0000","57.8400","58.5300","56.7000"
"2016/08/25","57.9400","1665740.0000","57.1300","58.3890","57.0200"
"2016/08/24","57.3100","1964031.0000","56.1200","57.9190","56.0800"
"2016/08/23","56.0300","1733971.0000","56.2800","56.6300","55.9400"
"2016/08/22","55.9800","889981.0000","56.0500","56.4500","55.5700"
"2016/08/19","56.2300","1352247.0000","55.0600","56.5210","54.9100"
"2016/08/18","55.2000","1308230.0000","54.7200","55.6700","54.5700"
"2016/08/17","54.5600","1305880.0000","55.0100","55.6400","54.3300"
"2016/08/16","55.2800","1342977.0000","55.4100","55.6200","54.8600"
"2016/08/15","55.7700","2221130.0000","54.5400","56.4500","54.5400"
"2016/08/12","54.5900","1170264.0000","54.5700","54.8700","54.2500"
"2016/08/11","54.4800","1105372.0000","54.4900","54.8700","54.1300"
"2016/08/10","54.1400","1230553.0000","54.8600","54.8800","54.0600"
"2016/08/09","54.4900","1655345.0000","54.3800","55.2000","54.3800"
"2016/08/08","54.3000","2269883.0000","55.0900","55.4414","54.0650"
"2016/08/05","55.0500","2741594.0000","53.7900","55.2700","53.3280"
"2016/08/04","53.4100","4670158.0000","55.4700","55.5000","52.4600"
"2016/08/03","55.1200","7976942.0000","55.5000","56.5100","54.0500"
"2016/08/02","61.4500","3215275.0000","63.3400","63.3400","61.1000"
"2016/08/01","63.4700","1807586.0000","63.5000","64.4800","63.1000"
"2016/07/29","63.2300","2546741.0000","63.0000","63.4400","61.7900"
"2016/07/28","63.1000","1350722.0000","63.0000","64.3800","62.5200"
"2016/07/27","63.0100","2865730.0000","64.2000","64.8000","62.1800"
"2016/07/26","60.3800","2156931.0000","61.1300","61.7500","60.0800"
"2016/07/25","60.6200","1195305.0000","60.7700","61.1300","60.3400"
"2016/07/22","60.5600","2098657.0000","59.4000","61.0000","58.4701"
"2016/07/21","60.1000","1279815.0000","61.2300","61.4200","59.7600"
"2016/07/20","60.8000","1118089.0000","60.7200","61.1700","59.8100"
"2016/07/19","60.4000","760891.0000","60.3100","60.6190","60.1000"
"2016/07/18","60.6600","1332843.0000","59.7900","60.9800","59.5400"
"2016/07/15","59.4200","989435.0000","59.5000","59.6000","58.6800"
"2016/07/14","59.3100","1536318.0000","57.5400","59.4800","57.0600"
"2016/07/13","56.6700","1269496.0000","58.4400","58.4990","56.6500"
"2016/07/12","58.0000","1142635.0000","58.2100","58.6500","57.5800"
"2016/07/11","57.7300","1596292.0000","56.9400","58.6800","57.4100"
"2016/07/08","56.0200","1084547.0000","54.8400","56.2500","54.7000"
"2016/07/07","54.3700","1264955.0000","53.4600","54.9400","53.4500"
"2016/07/06","52.5700","1263098.0000","51.4900","52.6800","50.4500"
"2016/07/05","51.8200","1525498.0000","53.7500","54.0000","50.6300"
"2016/07/01","54.5000","1509887.0000","54.4000","54.7500","52.9400"
"2016/06/30","55.2600","1449991.0000","54.7900","55.2600","53.8400"
"2016/06/29","54.6500","1735461.0000","53.1000","54.8800","52.8775"
"2016/06/28","52.7500","1435489.0000","51.8100","53.3800","51.2600"
"2016/06/27","50.6900","1910420.0000","53.9900","54.0500","50.2500"
"2016/06/24","54.9400","4326918.0000","56.2000","56.9900","54.0900"
"2016/06/23","58.2800","1333914.0000","56.1500","58.3000","56.0000"
"2016/06/22","55.6400","1457489.0000","56.2600","57.0450","55.5600"
"2016/06/21","56.3300","957770.0000","56.3200","56.5800","55.5800"
"2016/06/20","55.9800","1459424.0000","55.5200","56.7500","54.9300"
"2016/06/17","54.5000","1507096.0000","54.7500","54.8300","53.5500"
"2016/06/16","54.8100","1051785.0000","54.2100","54.8600","53.5000"
"2016/06/15","54.9400","1565730.0000","54.7200","55.2600","53.7600"
"2016/06/14","54.4300","1310334.0000","53.5700","54.5500","53.4000"
"2016/06/13","53.6900","1792376.0000","53.5100","54.4600","53.4000"
"2016/06/10","54.0300","2308036.0000","55.4000","55.4000","53.8800"
"2016/06/09","56.0700","1365077.0000","56.0100","56.5000","55.2000"
"2016/06/08","56.0400","1419446.0000","55.5600","56.1400","54.9500"
"2016/06/07","55.4900","1185271.0000","54.9200","55.9000","54.6900"
"2016/06/06","54.8100","1747847.0000","53.8100","55.1100","53.8100"
"2016/06/03","53.6700","2155098.0000","54.0000","54.6700","52.7300"
"2016/06/02","53.4900","1812241.0000","52.0000","53.7400","51.9900"
"2016/06/01","52.1400","1574545.0000","50.6500","52.3400","50.5000"
"2016/05/31","50.9700","1244287.0000","50.7500","51.4300","50.2500"
"2016/05/27","50.5300","1006413.0000","50.3800","50.6700","49.8000"
"2016/05/26","50.5300","786662.0000","50.7300","51.0400","50.2100"
"2016/05/25","50.6500","965312.0000","50.9700","51.4500","50.2400"
"2016/05/24","50.9800","936682.0000","50.7400","51.5300","50.0600"
"2016/05/23","50.4000","1908774.0000","50.0000","51.5600","50.0000"
"2016/05/20","49.4000","1782648.0000","47.6600","49.4500","47.4000"
"2016/05/19","47.1700","1696540.0000","46.7100","48.0700","46.3700"
"2016/05/18","47.2200","2056242.0000","45.6300","47.6800","45.3500"
"2016/05/17","45.8300","1287545.0000","45.5400","46.7000","45.2700"
"2016/05/16","45.5600","1255018.0000","45.0300","46.4100","45.0000"
"2016/05/13","44.9900","1265426.0000","45.2400","46.3800","44.5200"
"2016/05/12","45.1800","1682764.0000","46.1900","46.5400","44.5200"
"2016/05/11","45.9900","729186.0000","46.4000","46.8800","45.9700"
"2016/05/10","46.6400","1217638.0000","45.8600","46.8800","45.0600"
"2016/05/09","45.6200","914059.0000","46.2700","46.5837","45.4000"
"2016/05/06","46.1100","1751168.0000","46.6500","46.8279","45.0200"
"2016/05/05","46.6600","4692822.0000","47.9000","48.9500","46.5100"
"2016/05/04","44.5100","2375345.0000","44.4800","45.4300","43.7900"
"2016/05/03","45.0400","1433214.0000","44.3200","45.1900","44.3200"
"2016/05/02","44.7100","1196446.0000","45.0700","45.1200","44.0000"
"2016/04/29","45.0300","2132228.0000","45.6700","46.4950","43.9700"
"2016/04/28","45.8300","1382587.0000","46.2300","46.8800","45.6400"
"2016/04/27","46.6200","2316888.0000","44.3000","47.3800","44.3000"
"2016/04/26","46.3000","1082565.0000","45.4200","46.9300","45.1800"
"2016/04/25","45.0500","639471.0000","45.5200","45.7000","44.5200"
"2016/04/22","45.7000","859692.0000","45.2600","46.3500","45.2400"
"2016/04/21","45.3500","1265292.0000","45.8600","46.3300","44.6500"
"2016/04/20","45.9400","1669071.0000","45.0600","46.2800","44.5760"
"2016/04/19","45.2400","2333092.0000","46.9800","47.0000","44.8700"
"2016/04/18","47.1600","1351215.0000","47.3000","47.5200","46.6600"
"2016/04/15","47.7400","1472757.0000","49.2900","49.7900","47.6100"
"2016/04/14","49.6300","885948.0000","49.4100","49.9000","48.8000"
"2016/04/13","50.0400","1265454.0000","48.1000","50.1600","47.8200"
"2016/04/12","47.6800","1195928.0000","47.9600","48.3400","47.1600"
"2016/04/11","47.9900","905883.0000","49.4100","49.4700","47.9500"
"2016/04/08","49.2400","1104244.0000","49.4300","49.8000","48.7800"
"2016/04/07","48.7300","1098037.0000","49.8500","50.4900","48.6400"
"2016/04/06","50.5000","1168395.0000","49.9700","50.5800","48.4350"
"2016/04/05","49.8600","768816.0000","50.0300","50.6200","49.6800"
"2016/04/04","50.6200","763385.0000","50.9300","51.2500","50.3400"
"2016/04/01","50.8200","1231281.0000","50.1500","51.2700","49.5500"
"2016/03/31","50.4100","1028879.0000","51.0100","51.2500","50.3700"
"2016/03/30","51.2300","1268643.0000","51.0000","51.9500","50.7800"
"2016/03/29","50.5800","1032815.0000","48.8000","50.6900","48.2100"
"2016/03/28","49.1000","863899.0000","49.6600","49.6700","48.8500"
"2016/03/24","49.2400","1296019.0000","49.2300","49.4700","48.5800"
"2016/03/23","49.5200","906649.0000","51.7200","51.7800","49.5000"
"2016/03/22","51.7500","1226277.0000","50.3500","51.8500","50.1800"
"2016/03/21","50.6400","756755.0000","50.6500","51.2000","50.0300"
"2016/03/18","50.6900","2730679.0000","49.3900","51.1500","49.1600"
"2016/03/17","49.2000","1352643.0000","48.6900","49.4300","48.2400"
"2016/03/16","48.9900","1593412.0000","48.9300","50.1700","48.1400"
"2016/03/15","49.2700","1238861.0000","49.3600","49.9000","48.1000"
"2016/03/14","48.7300","1614677.0000","48.3100","49.1300","47.5900"
"2016/03/11","48.6400","1059411.0000","48.0700","49.1100","47.5150"
"2016/03/10","47.4000","1359922.0000","48.2000","48.9299","46.6800"
"2016/03/09","48.1800","1432205.0000","47.5400","48.6800","46.2300"
"2016/03/08","47.0900","2326914.0000","48.9100","49.1000","46.8600"
"2016/03/07","49.0600","2236710.0000","49.5000","50.0700","48.3775"
"2016/03/04","49.9000","2496271.0000","49.5600","50.8200","48.5900"
"2016/03/03","49.1100","1876121.0000","47.7300","49.1300","47.2300"
"2016/03/02","47.6500","1825976.0000","46.6600","48.2900","46.6500"
"2016/03/01","47.3600","2361028.0000","45.5200","48.2425","45.5000"
"2016/02/29","45.0800","2248879.0000","43.5000","46.6400","43.4700"
"2016/02/26","43.4600","2503448.0000","43.0800","44.1400","42.7200"
"2016/02/25","42.6700","1444721.0000","42.3100","43.0600","41.4300"
"2016/02/24","42.1700","1484971.0000","40.9800","42.4700","40.5400"
"2016/02/23","41.4900","1425208.0000","41.7300","42.3200","40.9500"
"2016/02/22","41.9600","1992719.0000","42.7900","43.0000","41.2275"
"2016/02/19","41.8500","1922999.0000","40.1200","42.1100","40.1100"
"2016/02/18","40.4100","2317190.0000","41.6000","42.3000","39.9200"
"2016/02/17","41.5900","4120026.0000","41.2300","44.7200","41.0400"
"2016/02/16","40.7800","2704396.0000","38.1200","41.2300","37.5100"
"2016/02/12","37.5500","2090243.0000","35.2000","37.7300","34.8200"
"2016/02/11","34.5300","1564225.0000","34.5400","34.9000","33.3000"
"2016/02/10","35.3600","1315445.0000","35.2800","36.6700","34.6000"
"2016/02/09","35.1400","1702478.0000","35.6500","37.0600","35.0300"
"2016/02/08","36.4200","2460664.0000","36.6100","37.2200","35.4300"
"2016/02/05","37.2500","3651525.0000","36.6000","38.2000","34.9000"
"2016/02/04","38.7800","2774008.0000","37.3900","38.9400","37.0900"
"2016/02/03","37.0600","1301456.0000","37.2400","37.5900","35.5200"
"2016/02/02","37.1500","1371239.0000","39.2500","39.3500","37.0700"
"2016/02/01","39.9700","1758399.0000","39.4500","40.5500","38.3400"
"2016/01/29","39.6000","2477020.0000","37.2600","39.9800","37.1800"
"2016/01/28","36.6700","1878493.0000","37.0900","37.7100","36.1300"
"2016/01/27","37.0200","2320945.0000","39.3100","39.4200","36.8000"
"2016/01/26","39.7600","1497656.0000","40.2000","40.5000","39.0250"
"2016/01/25","39.7600","1363342.0000","40.7700","40.8100","39.4800"
"2016/01/22","41.0600","2804293.0000","38.8100","41.1500","38.2600"
"2016/01/21","37.8400","1363049.0000","37.4500","38.4000","36.6000"
"2016/01/20","37.0500","1884086.0000","35.5400","37.9400","35.3100"
"2016/01/19","36.2900","1987039.0000","37.2100","37.4800","35.7201"
"2016/01/15","36.6000","3559548.0000","37.9200","38.0500","35.1600"
"2016/01/14","39.4200","2223048.0000","40.5600","40.6400","38.9600"
"2016/01/13","40.3900","5784922.0000","40.7400","42.2500","38.9000"
"2016/01/12","44.7800","1318062.0000","44.3700","45.7700","44.0100"
"2016/01/11","44.2200","2159845.0000","44.6600","44.8600","42.8000"
"2016/01/08","44.4900","7724113.0000","43.0500","45.3200","42.4000"
"2016/01/07","45.6400","3551306.0000","44.5000","47.1100","44.1100"
"2016/01/06","44.6200","2644334.0000","46.6600","46.6900","44.1600"
"2016/01/05","47.5300","1609030.0000","50.7600","50.9700","47.3600"
"2016/01/04","50.7200","1544079.0000","49.6800","50.8000","48.7200"
"2015/12/31","50.9000","1539304.0000","51.4100","51.8300","49.4800"
"2015/12/30","51.6600","975414.0000","52.9600","53.2800","51.6000"
"2015/12/29","52.9900","1134506.0000","53.1800","53.7200","51.4000"
"2015/12/28","52.8900","978632.0000","54.0000","54.0899","52.0300"
"2015/12/24","54.2100","482622.0000","54.2900","54.8600","54.1700"
"2015/12/23","54.4100","1065063.0000","52.5900","54.7900","52.2600"
"2015/12/22","52.4100","883523.0000","53.5000","53.7000","51.6300"
"2015/12/21","53.3500","1369651.0000","51.8700","53.4000","50.1400"
"2015/12/18","51.6300","2107774.0000","52.5000","53.2700","51.3200"
"2015/12/17","52.7500","869707.0000","53.4700","54.0900","52.1075"
"2015/12/16","53.2300","2403594.0000","52.2300","53.6100","50.2100"
"2015/12/15","51.6900","1875656.0000","52.4000","53.2300","50.5600"
"2015/12/14","52.4800","1909998.0000","56.0600","56.4900","52.1100"
"2015/12/11","56.1900","1230936.0000","56.6700","57.6500","55.9600"
"2015/12/10","57.5000","1268237.0000","56.2000","57.9700","55.8800"
"2015/12/09","56.1500","1421859.0000","57.0300","57.5200","54.8617"
"2015/12/08","57.2800","914141.0000","57.0000","57.6400","56.0200"
"2015/12/07","57.6300","1130546.0000","59.2800","59.4000","57.4500"
"2015/12/04","59.5400","1233528.0000","58.0500","59.9500","57.7700"
"2015/12/03","58.0900","1523158.0000","59.3000","60.0000","57.8700"
"2015/12/02","58.4800","1216909.0000","58.1000","59.4300","57.8600"
"2015/12/01","58.0400","1988308.0000","58.3100","59.7900","57.2500"
"2015/11/30","58.0700","1433408.0000","57.6500","58.4300","56.8200"
"2015/11/27","57.5100","1870758.0000","57.4300","57.7300","56.5100"
"2015/11/25","57.3400","1740758.0000","55.6500","58.2400","55.6500"
"2015/11/24","55.7500","2246714.0000","54.5500","56.1200","54.0700"
"2015/11/23","54.8500","1871257.0000","54.6500","55.3600","54.0600"
"2015/11/20","54.7800","1817858.0000","55.9400","56.1000","54.5270"
"2015/11/19","55.7700","1744264.0000","56.5500","57.2800","54.6700"
"2015/11/18","56.3400","2797339.0000","55.2000","56.9640","54.2100"
"2015/11/17","54.7400","2730312.0000","52.0000","55.0400","51.9900"
"2015/11/16","51.8400","1972234.0000","50.6700","51.9800","50.5600"
"2015/11/13","51.0000","1667780.0000","50.4800","52.0300","50.2800"
"2015/11/12","50.9700","1964162.0000","51.7400","52.1800","50.0950"
"2015/11/11","52.2000","1123264.0000","52.3300","52.9199","51.5700"
"2015/11/10","52.2900","2671735.0000","52.0000","52.9800","51.3000"
"2015/11/09","54.0900","1768709.0000","55.1700","55.1800","53.0800"
"2015/11/06","55.5500","5234580.0000","50.6000","55.8300","50.5100"
"2015/11/05","45.0800","2513012.0000","46.7900","46.8606","44.3500"
"2015/11/04","46.5700","1717710.0000","45.8600","47.0500","45.2700"
"2015/11/03","45.7100","3059139.0000","44.9400","46.2800","44.6000"
"2015/11/02","45.2700","1222679.0000","44.1300","45.6000","43.9600"
"2015/10/30","43.9300","1311667.0000","44.0700","44.8000","43.6500"
"2015/10/29","43.8100","1570395.0000","43.9000","45.1700","43.4901"
"2015/10/28","45.1700","2344333.0000","47.0000","47.0700","44.5000"
"2015/10/27","45.8900","1688583.0000","46.2500","46.7500","45.2500"
"2015/10/26","46.7600","1924626.0000","50.8900","50.9500","46.4300"
"2015/10/23","51.5000","1303489.0000","50.1100","51.6250","49.0000"
"2015/10/22","49.5500","1457934.0000","49.2500","50.8100","48.8100"
"2015/10/21","48.5000","1378201.0000","48.4800","48.9000","47.8400"
"2015/10/20","48.2000","1179375.0000","47.1800","48.2500","46.6600"
"2015/10/19","46.8500","845421.0000","47.2900","47.7100","46.2900"
"2015/10/16","47.3200","961479.0000","48.4400","48.4400","46.5300"
"2015/10/15","48.3100","1890991.0000","47.0600","48.7900","46.8800"
"2015/10/14","46.5000","2130580.0000","44.4300","46.9700","44.2000"
"2015/10/13","44.1400","1549973.0000","46.0000","46.1980","43.9399"
"2015/10/12","46.4300","1264307.0000","45.8500","46.7300","45.2400"
"2015/10/09","45.6600","1027020.0000","45.0300","46.2750","44.9100"
"2015/10/08","45.2600","1396474.0000","45.2500","45.4300","43.6800"
"2015/10/07","45.5500","1634950.0000","44.7400","45.7300","44.1800"
"2015/10/06","44.2800","1702268.0000","44.8300","45.0400","42.6700"
"2015/10/05","44.7700","1158887.0000","45.3500","45.8600","44.6000"
"2015/10/02","44.9600","1406788.0000","42.8800","44.9800","42.2400"
"2015/10/01","43.6300","2299993.0000","44.4600","44.6300","42.4300"
"2015/09/30","45.0500","1912104.0000","44.2300","45.4700","44.0400"
"2015/09/29","43.5700","1548697.0000","43.0100","44.6700","42.7300"
"2015/09/28","43.2500","3157322.0000","46.5200","46.9700","43.1400"
"2015/09/25","47.6800","1711311.0000","47.5000","49.1500","47.0100"
"2015/09/24","46.7700","1784350.0000","47.6600","47.9600","45.8801"
"2015/09/23","48.0600","1478904.0000","47.9500","49.8100","47.8000"
"2015/09/22","47.3700","2012609.0000","49.2700","49.8200","47.1900"
"2015/09/21","49.9000","1527102.0000","50.9700","51.3500","49.8000"
"2015/09/18","50.7300","3067524.0000","50.7000","51.7300","49.7700"
"2015/09/17","51.3900","1521473.0000","51.4900","52.6600","51.2144"
"2015/09/16","51.7400","1620992.0000","52.6400","53.2800","51.3000"
"2015/09/15","52.7300","1825687.0000","53.8600","54.0800","51.7300"
"2015/09/14","53.4900","1539924.0000","54.1000","54.4970","52.9100"
"2015/09/11","53.5200","1532035.0000","53.7700","54.3800","52.6100"
"2015/09/10","53.9800","2969163.0000","56.9800","57.1600","53.6100"
"2015/09/09","56.5500","2079730.0000","58.5400","59.4500","56.0500"
"2015/09/08","58.1900","1410877.0000","57.0400","58.4000","56.6800"
"2015/09/04","55.7900","1332220.0000","55.2900","56.6400","54.7200"
"2015/09/03","56.5700","2281855.0000","55.0000","58.3600","54.8600"
"2015/09/02","54.8200","1924930.0000","54.7500","55.4399","53.5100"
"2015/09/01","53.4500","2298824.0000","53.8900","55.9400","53.1200"
"2015/08/31","55.5100","2091978.0000","54.7900","56.2800","54.1700"
"2015/08/28","55.7900","1757519.0000","54.3700","55.9200","54.2200"
"2015/08/27","54.7400","2540660.0000","54.1300","55.8900","54.0200"
"2015/08/26","52.7500","2348745.0000","51.6700","52.9700","49.7700"
"2015/08/25","49.8100","2654955.0000","51.7900","52.9720","49.7800"
"2015/08/24","48.5000","3974233.0000","45.5000","51.0700","45.0000"
"2015/08/21","49.9900","3703804.0000","51.8300","51.9900","49.8600"
"2015/08/20","52.3600","2399059.0000","54.6100","55.3550","52.2300"
"2015/08/19","55.5900","1819944.0000","55.9000","56.8500","55.0100"
"2015/08/18","55.9300","1585866.0000","57.6000","57.9400","55.8500"
"2015/08/17","58.2800","1251736.0000","57.7100","58.4300","57.3500"
"2015/08/14","58.2400","2517344.0000","57.5800","58.6800","56.3100"
"2015/08/13","58.3200","3508281.0000","57.2300","59.6800","55.8400"
"2015/08/12","56.9600","3351655.0000","52.7400","57.6000","51.7100"
"2015/08/11","53.8600","2311339.0000","53.5000","54.9100","53.1300"
"2015/08/10","54.5300","2160512.0000","53.1800","55.1000","53.1700"
"2015/08/07","52.2000","1874090.0000","51.5400","53.0700","51.0000"
"2015/08/06","51.8300","3199608.0000","54.7300","54.8300","50.8000"
"2015/08/05","54.8300","4186531.0000","55.1600","56.8300","54.2500"
"2015/08/04","55.0600","5790998.0000","56.6800","58.1400","54.3700"
"2015/08/03","57.5200","3661019.0000","57.5200","58.6100","56.5500"
"2015/07/31","57.9500","4389313.0000","60.6100","60.7900","57.6400"
"2015/07/30","60.4850","10329960.0000","60.6500","62.3480","57.1000"
"2015/07/29","70.4700","2492299.0000","70.3300","70.8500","68.9400"
"2015/07/28","70.7500","1371360.0000","70.5000","71.0840","68.5000"
"2015/07/27","69.9400","1926652.0000","71.4500","71.4500","69.0100"
"2015/07/24","72.2800","1952037.0000","76.5100","77.1699","72.2000"
"2015/07/23","75.2400","1773795.0000","74.7100","77.2200","74.4400"
"2015/07/22","74.1700","3344225.0000","72.5500","74.8800","71.0100"
"2015/07/21","77.4500","1682336.0000","76.2200","77.9500","75.4100"
"2015/07/20","76.7000","2117094.0000","78.5000","79.5800","76.5000"
"2015/07/17","78.8600","1327615.0000","80.1400","80.7900","78.1000"
"2015/07/16","80.2400","1501041.0000","78.0700","80.5200","77.7000"
"2015/07/15","77.8800","1051254.0000","78.6000","79.1000","77.4270"
"2015/07/14","77.9600","1047521.0000","77.1400","78.5200","76.9300"
"2015/07/13","76.6100","1397143.0000","77.1700","78.2100","75.2400"
"2015/07/10","76.1600","2365775.0000","75.2200","76.5000","73.7100"
"2015/07/09","74.6300","2011121.0000","76.3000","77.2700","74.3300"
"2015/07/08","74.6800","3270900.0000","77.4300","77.4500","74.4808"
"2015/07/07","79.9500","3086051.0000","80.2900","80.4300","74.3600"
"2015/07/06","79.9900","2121545.0000","80.3300","81.9350","78.5900"
"2015/07/02","81.3600","1151395.0000","80.7200","81.5500","80.2000"
"2015/07/01","80.3600","1639714.0000","81.2500","82.2500","80.0100"
"2015/06/30","80.2700","1957799.0000","80.0000","81.0000","78.5768"
"2015/06/29","79.0600","2891899.0000","78.7500","81.6900","77.8300"
"2015/06/26","80.4100","20596030.0000","84.8500","84.9999","79.6600"
"2015/06/25","84.9800","1391270.0000","84.7500","85.8600","84.7500"
"2015/06/24","84.5900","1488218.0000","85.1300","85.8800","84.5600"
"2015/06/23","85.3100","2468857.0000","87.9000","87.9600","84.8500"
"2015/06/22","87.8100","2664645.0000","86.2700","88.3500","85.8600"
"2015/06/19","85.2500","2831611.0000","84.8900","86.2800","84.3300"
"2015/06/18","84.6500","2012972.0000","84.6300","85.4600","83.6230"
"2015/06/17","84.5600","1894035.0000","84.8100","85.0700","83.0900"
"2015/06/16","84.7500","2476008.0000","82.2200","84.9900","82.1100"
"2015/06/15","82.1800","2640369.0000","82.5100","82.9900","82.0500"
"2015/06/12","83.5100","2641046.0000","81.9900","83.7000","81.7500"
"2015/06/11","82.0000","28866190.0000","82.4900","83.0000","81.6510"
"2015/06/10","82.5000","6104210.0000","81.3750","82.7400","80.2900"
"2015/06/09","80.0500","2791916.0000","80.5100","81.0000","77.6000"
"2015/06/08","80.2400","2190975.0000","83.4200","83.7690","79.7500"
"2015/06/05","83.7000","1801268.0000","81.0600","83.8500","80.1200"
"2015/06/04","81.3200","1202273.0000","80.6800","82.1000","80.0800"
"2015/06/03","81.5500","2262814.0000","81.3500","81.9070","80.9000"
"2015/06/02","80.8600","1703672.0000","80.5900","80.9600","79.0000"
"2015/06/01","80.9400","2210423.0000","82.5000","83.3632","80.0900"
"2015/05/29","82.1500","2770019.0000","82.8700","84.3300","82.0300"
"2015/05/28","82.3000","2310265.0000","86.2100","86.3300","82.0600"
"2015/05/27","86.4000","2806202.0000","82.9600","86.7500","82.7000"
"2015/05/26","82.4600","2157315.0000","83.4400","83.7300","81.3900"
"2015/05/22","84.0300","3055359.0000","82.0000","84.6426","82.0000"
"2015/05/21","81.2600","1937801.0000","81.1500","81.8500","79.7900"
"2015/05/20","81.1500","1213173.0000","79.8000","81.9900","79.4000"
"2015/05/19","80.1000","1644055.0000","80.7500","81.8900","79.4000"
"2015/05/18","80.3000","2668064.0000","75.7600","80.3900","75.5000"
"2015/05/15","76.5400","1711166.0000","76.7000","77.1400","75.8300"
"2015/05/14","76.9800","1556343.0000","75.1700","77.2150","75.0400"
"2015/05/13","74.9600","804124.0000","75.3500","76.1000","74.3300"
"2015/05/12","74.7500","1381522.0000","74.1300","75.8500","74.0000"
"2015/05/11","74.5600","1697885.0000","75.9900","76.0000","73.8400"
"2015/05/08","76.5600","1991580.0000","76.3800","77.9700","76.2100"
"2015/05/07","75.5600","4719609.0000","77.6300","78.0000","73.2100"
"2015/05/06","69.0600","2027528.0000","67.7000","69.4000","66.5000"
"2015/05/05","67.0700","1532355.0000","68.5100","69.2217","66.0200"
"2015/05/04","68.9900","1621588.0000","69.8500","70.5000","68.6601"
"2015/05/01","69.6000","1708581.0000","66.8000","69.6100","66.6800"
"2015/04/30","65.9100","1631621.0000","68.4700","68.8499","65.8000"
"2015/04/29","68.6500","994085.0000","67.5900","69.0000","66.5100"
"2015/04/28","67.8600","2044230.0000","69.9700","70.3080","65.4420"
"2015/04/27","69.3700","1510053.0000","69.9300","71.6900","68.9000"
"2015/04/24","70.1200","1633536.0000","73.0800","73.1000","69.7003"
"2015/04/23","73.2700","1121600.0000","73.9300","73.9500","71.5500"
"2015/04/22","74.4800","817119.0000","74.2500","74.5400","73.0600"
"2015/04/21","74.0700","1159846.0000","72.5000","74.2600","72.0100"
"2015/04/20","72.0100","1216769.0000","70.4000","72.3500","70.4000"
"2015/04/17","70.0700","1177711.0000","70.7000","71.1100","69.6100"
"2015/04/16","71.4600","1495052.0000","70.8000","71.5000","68.6100"
"2015/04/15","70.9100","1711874.0000","71.0000","72.0000","69.3700"
"2015/04/14","70.5000","2456942.0000","72.3800","73.1700","69.3000"
"2015/04/13","72.6300","1243376.0000","73.7900","75.1200","72.1100"
"2015/04/10","73.5800","1315332.0000","75.6100","75.9300","72.7601"
"2015/04/09","74.6300","1384635.0000","72.7100","74.9000","71.2200"
"2015/04/08","72.8400","2107102.0000","73.8000","75.2000","72.5100"
"2015/04/07","73.2300","2251792.0000","77.0800","77.6900","72.7300"
"2015/04/06","76.5100","1613263.0000","76.8800","77.1500","75.2000"
"2015/04/02","77.7900","1603034.0000","79.2000","79.2000","76.6700"
"2015/04/01","78.8000","1428850.0000","78.5300","79.3000","77.8100"
"2015/03/31","79.7000","2006881.0000","80.9300","81.0000","78.5503"
"2015/03/30","81.4000","1819016.0000","80.2200","81.4000","79.7100"
"2015/03/27","79.2800","2633750.0000","77.6300","80.6900","77.5100"
"2015/03/26","77.1900","3005851.0000","73.5000","77.7500","72.1000"
"2015/03/25","77.1300","3727019.0000","83.5500","83.7900","75.5200"
"2015/03/24","83.2100","1784509.0000","84.6000","85.6275","82.6600"
"2015/03/23","84.0900","2000729.0000","81.1500","84.1900","81.0700"
"2015/03/20","80.8000","4739722.0000","81.4400","81.4999","79.6950"
"2015/03/19","80.3800","1879115.0000","81.5200","82.2700","79.2100"
"2015/03/18","79.9600","2270958.0000","77.8600","80.8000","77.6900"
"2015/03/17","77.7100","1824736.0000","76.1600","78.1200","75.9000"
"2015/03/16","76.3300","1820852.0000","74.2100","76.7500","74.0000"
"2015/03/13","72.5700","761733.0000","73.3500","73.9900","71.8000"
"2015/03/12","73.4200","794738.0000","73.3400","74.3500","72.9200"
"2015/03/11","72.9500","1039662.0000","72.6700","73.6000","72.0500"
"2015/03/10","72.1500","1364858.0000","74.1300","74.3100","71.7400"
"2015/03/09","74.8300","1076585.0000","73.2400","75.4500","73.1300"
"2015/03/06","72.9800","988083.0000","73.4100","74.5000","72.7500"
"2015/03/05","74.5100","1621943.0000","72.2000","75.1600","72.0200"
"2015/03/04","72.0200","1397547.0000","70.2300","73.2500","70.1100"
"2015/03/03","70.8400","1509044.0000","69.3600","70.9600","68.3500"
"2015/03/02","69.3500","1127302.0000","69.3900","70.8000","68.8000"
"2015/02/27","69.4000","1400857.0000","70.7500","71.4280","69.2000"
"2015/02/26","71.5300","2115977.0000","68.0000","71.7200","67.8900"
"2015/02/25","67.2100","964693.0000","68.9500","69.2800","66.6000"
"2015/02/24","69.3400","1700103.0000","65.3600","69.3500","65.2000"
"2015/02/23","65.0500","889737.0000","65.1600","65.8800","64.3000"
"2015/02/20","65.1700","1463313.0000","65.5700","65.7700","64.0400"
"2015/02/19","65.3000","1224992.0000","67.0000","68.1700","65.2500"
"2015/02/18","67.5400","1056608.0000","69.1500","70.0000","67.3100"
"2015/02/17","69.4400","973963.0000","70.0000","70.0000","68.0600"
"2015/02/13","70.0300","1870478.0000","66.3500","70.2700","65.6301"
"2015/02/12","66.2000","1159026.0000","65.6300","66.3300","65.0000"
"2015/02/11","64.7500","1096587.0000","64.9300","65.6500","63.1700"
"2015/02/10","65.0200","1306622.0000","63.8700","65.1200","63.6700"
"2015/02/09","63.7400","1563602.0000","65.2000","65.8245","63.3500"
"2015/02/06","65.8900","1302131.0000","67.5000","68.5000","65.5300"
"2015/02/05","67.3900","1322758.0000","67.6600","68.7300","66.5000"
"2015/02/04","68.3300","1499558.0000","67.5300","69.3999","66.7600"
"2015/02/03","68.5200","2551734.0000","68.7400","70.0000","67.0500"
"2015/02/02","68.7200","3347928.0000","73.0800","74.0000","66.8800"
"2015/01/30","73.8700","1623369.0000","74.6400","75.2600","73.3100"
"2015/01/29","75.7600","2636406.0000","72.7000","75.8800","72.2000"
"2015/01/28","75.5000","3058427.0000","75.0000","78.0500","74.2200"
"2015/01/27","73.7500","1244479.0000","73.0000","73.8800","71.5000"
"2015/01/26","73.1500","1571806.0000","72.4000","74.0000","72.3000"
"2015/01/23","73.3700","1677595.0000","70.7200","74.3400","70.5700"
"2015/01/22","70.6100","1332428.0000","69.5400","70.6800","67.0300"
"2015/01/21","68.8400","1451616.0000","67.6100","70.8000","67.5700"
"2015/01/20","67.9600","1096205.0000","65.7500","68.2000","65.2300"
"2015/01/16","65.8100","1392883.0000","64.0200","66.4200","63.8100"
"2015/01/15","64.3900","1246849.0000","64.2300","64.9400","63.6000"
"2015/01/14","64.5900","980702.0000","64.6500","65.4500","63.1100"
"2015/01/13","65.0200","1230742.0000","65.7400","67.5900","63.6100"
"2015/01/12","65.5200","1259221.0000","67.3900","67.9900","64.8000"
"2015/01/09","67.1100","934190.0000","68.4500","68.4500","66.6100"
"2015/01/08","67.6900","2514565.0000","67.9500","69.6900","67.1300"
"2015/01/07","66.6500","2121849.0000","65.0100","66.7600","63.5100"
"2015/01/06","64.6700","3749890.0000","67.9300","67.9899","63.0200"
"2015/01/05","67.6300","4534736.0000","71.2300","71.3000","67.0600"
"2015/01/02","70.4000","4218692.0000","69.0000","71.9995","68.0100"
